title,company,experience,salary,location,url
Machine Learning Engineer,Alstom Transportation,4-8 Yrs,Not disclosed,Bengaluru,https://www.naukri.com/job-listings-machine-learning-engineer-alstom-transport-india-ltd-bengaluru-4-to-8-years-131124924758
Machine Learning Engineer - MLOps,Cardinal Health,5-9 Yrs,Not disclosed,Hybrid - Bengaluru,https://www.naukri.com/job-listings-machine-learning-engineer-mlops-cardinal-health-bengaluru-5-to-9-years-111124909838
Artificial Intelligence/Machine Learning Engineer,CCR Tech,5-7 Yrs,Not disclosed,"Pune, Baner",https://www.naukri.com/job-listings-artificial-intelligence-machine-learning-engineer-ccr-technologies-private-limited-pune-baner-5-to-7-years-141124913615
Machine Learning Engineer,Motive,2-5 Yrs,Not disclosed,"Kolkata, Mumbai, New Delhi, Hyderabad, Pune, Chennai, Bengaluru",https://www.naukri.com/job-listings-machine-learning-engineer-motive-kolkata-mumbai-new-delhi-hyderabad-pune-chennai-bengaluru-2-to-5-years-141124504963
Machine Learning Engineer,WN Infotech,0-5 Yrs,Not disclosed,"Noida, Pune, Gurugram, Bengaluru",https://www.naukri.com/job-listings-machine-learning-engineer-wn-infotech-noida-pune-gurugram-bengaluru-0-to-5-years-061124500846
Machine Learning Engineer - AI/ML Ops Engineer,Law Chambers Of G. R. Hari,0-1 Yrs,Not disclosed,Chennai,https://www.naukri.com/job-listings-machine-learning-engineer-ai-ml-ops-engineer-law-chambers-of-g-r-hari-chennai-0-to-1-years-111124902837
Machine Learning Engineer,Infosys,5-7 Yrs,Not disclosed,Bengaluru,https://www.naukri.com/job-listings-machine-learning-engineer-infosys-limited-bengaluru-5-to-7-years-111124918723
Python Machine learning Engineer,Infosys,3-5 Yrs,Not disclosed,Bengaluru,https://www.naukri.com/job-listings-python-machine-learning-engineer-infosys-limited-bengaluru-3-to-5-years-111124916935
Machine Learning Engineer,Adia Health,4-9 Yrs,Not disclosed,Hybrid - Bengaluru,https://www.naukri.com/job-listings-machine-learning-engineer-adia-health-bengaluru-4-to-9-years-151124013321
"Machine Learning Engineer - AWS, Python",Winning Edge,4-6 Yrs,Not disclosed,Bengaluru,https://www.naukri.com/job-listings-machine-learning-engineer-aws-python-edge-bengaluru-4-to-6-years-141124917364
Machine Learning Engineer,Paypal,4-7 Yrs,Not disclosed,Chennai,https://www.naukri.com/job-listings-machine-learning-engineer-paypal-holdings-inc-chennai-4-to-7-years-131124501847
Staff Machine Learning Engineer,Paypal,3-8 Yrs,Not disclosed,Bengaluru,https://www.naukri.com/job-listings-staff-machine-learning-engineer-paypal-holdings-inc-bengaluru-3-to-8-years-121124500989
Cloud Engineer - Machine Learning & Gen AI,Niveus Solution,4-8 Yrs,Not disclosed,"Hybrid - Bengaluru, Mumbai (All Areas)",https://www.naukri.com/job-listings-cloud-engineer-machine-learning-gen-ai-niveus-solution-bengaluru-mumbai-all-areas-4-to-8-years-121124014511
Machine Learning Engineer,Clanx,2-5 Yrs,Not disclosed,Mumbai,https://www.naukri.com/job-listings-machine-learning-engineer-clanx-mumbai-2-to-5-years-141124502269
Machine Learning Engineer,Launchx Labs,2-5 Yrs,Not disclosed,Bengaluru,https://www.naukri.com/job-listings-machine-learning-engineer-launchx-labs-bengaluru-2-to-5-years-111124503432
Machine Learning Engineer (P4),Twilio,2-6 Yrs,Not disclosed,"Kolkata, Mumbai, New Delhi, Hyderabad, Pune, Chennai, Bengaluru",https://www.naukri.com/job-listings-machine-learning-engineer-p4-twilio-kolkata-mumbai-new-delhi-hyderabad-pune-chennai-bengaluru-2-to-6-years-141124501845
Machine Learning Engineer II,Glance,3-6 Yrs,Not disclosed,Bengaluru,https://www.naukri.com/job-listings-machine-learning-engineer-ii-glance-it-solution-bengaluru-3-to-6-years-111124501296
Machine learning Engineer,Repucom,0-3 Yrs,Not disclosed,Gurugram,https://www.naukri.com/job-listings-machine-learning-engineer-repucom-gurugram-0-to-3-years-081124502086
Machine Learning Engineer (MLops),Altimetrik,6-10 Yrs,7-17 Lacs PA,"Hybrid - Pune, Chennai, Bengaluru",https://www.naukri.com/job-listings-machine-learning-engineer-mlops-altimetrik-pune-chennai-bengaluru-6-to-10-years-081124016654
Machine Learning Engineer (100% remote India),Tether Operations,3-7 Yrs,Not disclosed,"Kolkata, Mumbai, New Delhi, Hyderabad, Pune, Chennai, Bengaluru",https://www.naukri.com/job-listings-machine-learning-engineer-100-remote-india-tether-operations-limited-kolkata-mumbai-new-delhi-hyderabad-pune-chennai-bengaluru-3-to-7-years-131124502804
Machine Learning Engineer,Alstom Transportation,4-8 Yrs,Not disclosed,Bengaluru,https://www.naukri.com/job-listings-machine-learning-engineer-alstom-transport-india-ltd-bengaluru-4-to-8-years-131124924758
Machine Learning Engineer - MLOps,Cardinal Health,5-9 Yrs,Not disclosed,Hybrid - Bengaluru,https://www.naukri.com/job-listings-machine-learning-engineer-mlops-cardinal-health-bengaluru-5-to-9-years-111124909838
Artificial Intelligence/Machine Learning Engineer,CCR Tech,5-7 Yrs,Not disclosed,"Pune, Baner",https://www.naukri.com/job-listings-artificial-intelligence-machine-learning-engineer-ccr-technologies-private-limited-pune-baner-5-to-7-years-141124913615
Machine Learning Engineer,Motive,2-5 Yrs,Not disclosed,"Kolkata, Mumbai, New Delhi, Hyderabad, Pune, Chennai, Bengaluru",https://www.naukri.com/job-listings-machine-learning-engineer-motive-kolkata-mumbai-new-delhi-hyderabad-pune-chennai-bengaluru-2-to-5-years-141124504963
Machine Learning Engineer,WN Infotech,0-5 Yrs,Not disclosed,"Noida, Pune, Gurugram, Bengaluru",https://www.naukri.com/job-listings-machine-learning-engineer-wn-infotech-noida-pune-gurugram-bengaluru-0-to-5-years-061124500846
Machine Learning Engineer - AI/ML Ops Engineer,Law Chambers Of G. R. Hari,0-1 Yrs,Not disclosed,Chennai,https://www.naukri.com/job-listings-machine-learning-engineer-ai-ml-ops-engineer-law-chambers-of-g-r-hari-chennai-0-to-1-years-111124902837
Machine Learning Engineer,Infosys,5-7 Yrs,Not disclosed,Bengaluru,https://www.naukri.com/job-listings-machine-learning-engineer-infosys-limited-bengaluru-5-to-7-years-111124918723
Machine Learning Engineer,Adia Health,4-9 Yrs,Not disclosed,Hybrid - Bengaluru,https://www.naukri.com/job-listings-machine-learning-engineer-adia-health-bengaluru-4-to-9-years-151124013321
"Machine Learning Engineer - AWS, Python",Winning Edge,4-6 Yrs,Not disclosed,Bengaluru,https://www.naukri.com/job-listings-machine-learning-engineer-aws-python-edge-bengaluru-4-to-6-years-141124917364
Machine Learning Engineer,Paypal,4-7 Yrs,Not disclosed,Chennai,https://www.naukri.com/job-listings-machine-learning-engineer-paypal-holdings-inc-chennai-4-to-7-years-131124501847
Python Machine learning Engineer,Infosys,3-5 Yrs,Not disclosed,Bengaluru,https://www.naukri.com/job-listings-python-machine-learning-engineer-infosys-limited-bengaluru-3-to-5-years-111124916935
Staff Machine Learning Engineer,Paypal,3-8 Yrs,Not disclosed,Bengaluru,https://www.naukri.com/job-listings-staff-machine-learning-engineer-paypal-holdings-inc-bengaluru-3-to-8-years-121124500989
Cloud Engineer - Machine Learning & Gen AI,Niveus Solution,4-8 Yrs,Not disclosed,"Hybrid - Bengaluru, Mumbai (All Areas)",https://www.naukri.com/job-listings-cloud-engineer-machine-learning-gen-ai-niveus-solution-bengaluru-mumbai-all-areas-4-to-8-years-121124014511
Machine Learning Engineer,Clanx,2-5 Yrs,Not disclosed,Mumbai,https://www.naukri.com/job-listings-machine-learning-engineer-clanx-mumbai-2-to-5-years-141124502269
Machine Learning Engineer,Launchx Labs,2-5 Yrs,Not disclosed,Bengaluru,https://www.naukri.com/job-listings-machine-learning-engineer-launchx-labs-bengaluru-2-to-5-years-111124503432
Machine Learning Engineer (P4),Twilio,2-6 Yrs,Not disclosed,"Kolkata, Mumbai, New Delhi, Hyderabad, Pune, Chennai, Bengaluru",https://www.naukri.com/job-listings-machine-learning-engineer-p4-twilio-kolkata-mumbai-new-delhi-hyderabad-pune-chennai-bengaluru-2-to-6-years-141124501845
Machine Learning Engineer II,Glance,3-6 Yrs,Not disclosed,Bengaluru,https://www.naukri.com/job-listings-machine-learning-engineer-ii-glance-it-solution-bengaluru-3-to-6-years-111124501296
Machine learning Engineer,Repucom,0-3 Yrs,Not disclosed,Gurugram,https://www.naukri.com/job-listings-machine-learning-engineer-repucom-gurugram-0-to-3-years-081124502086
Machine Learning Engineer (MLops),Altimetrik,6-10 Yrs,7-17 Lacs PA,"Hybrid - Pune, Chennai, Bengaluru",https://www.naukri.com/job-listings-machine-learning-engineer-mlops-altimetrik-pune-chennai-bengaluru-6-to-10-years-081124016654
Machine Learning Engineer (100% remote India),Tether Operations,3-7 Yrs,Not disclosed,"Kolkata, Mumbai, New Delhi, Hyderabad, Pune, Chennai, Bengaluru",https://www.naukri.com/job-listings-machine-learning-engineer-100-remote-india-tether-operations-limited-kolkata-mumbai-new-delhi-hyderabad-pune-chennai-bengaluru-3-to-7-years-131124502804
Data Scientist,Capgemini,6-9 Yrs,Not disclosed,"Hybrid - Chennai, Bengaluru",https://www.naukri.com/job-listings-data-scientist-capgemini-chennai-bengaluru-6-to-9-years-200824007316
Data Scientist: Artificial Intelligence,IBM,8-12 Yrs,Not disclosed,Bengaluru,https://www.naukri.com/job-listings-data-scientist-artificial-intelligence-ibm-india-pvt-limited-bengaluru-8-to-12-years-161124900758
Urgent Hiring For Data Scientist-NLP-UK Shift-Hybrid mode,Genpact,3-8 Yrs,Not disclosed,"Hybrid - Noida, Gurugram, Bengaluru",https://www.naukri.com/job-listings-urgent-hiring-for-data-scientist-nlp-uk-shift-hybrid-mode-genpact-noida-gurugram-bengaluru-3-to-8-years-161124007865
Senior Data Scientist-CIS-AI and Machine Learning,SAP,3-7 Yrs,Not disclosed,Bengaluru,https://www.naukri.com/job-listings-senior-data-scientist-cis-ai-and-machine-learning-sap-india-pvt-ltd-bengaluru-3-to-7-years-111124500377
Data Scientist / Data Analyst,Leading Client,2-7 Yrs,Not disclosed,"Mumbai, Delhi / NCR, Bengaluru",https://www.naukri.com/job-listings-data-scientist-data-analyst-infinitrix-consulting-mumbai-delhi-ncr-bengaluru-2-to-7-years-111124909002
Data Scientist,ClinChoice,6-10 Yrs,50-70 Lacs PA,Hybrid - Bengaluru,https://www.naukri.com/job-listings-data-scientist-people-impact-bengaluru-6-to-10-years-161124006602
Data Scientist,Flipkart,3-5 Yrs,Not disclosed,Bengaluru,https://www.naukri.com/job-listings-data-scientist-flipkart-internet-private-limited-bengaluru-3-to-5-years-131124921388
Data Scientist III,Walmart,2-7 Yrs,Not disclosed,Bengaluru,https://www.naukri.com/job-listings-data-scientist-iii-walmart-labs-bengaluru-2-to-7-years-131124505473
Data Scientist,Sun Life Global Solutions,6-10 Yrs,Not disclosed,"Hybrid - Gurugram, Bengaluru",https://www.naukri.com/job-listings-data-scientist-sun-life-global-solutions-gurugram-bengaluru-6-to-10-years-131124010229
Data Scientist - AI/ML Developer,Sigmasoft Infotech,5-10 Yrs,Not disclosed,"Hyderabad, Bengaluru",https://www.naukri.com/job-listings-data-scientist-ai-ml-developer-sigmasoft-infotech-hyderabad-bengaluru-5-to-10-years-121124009604
Gen AI Data Scientist,Genpact,6-11 Yrs,Not disclosed,"Hyderabad, Gurugram, Bengaluru",https://www.naukri.com/job-listings-gen-ai-data-scientist-genpact-hyderabad-gurugram-bengaluru-6-to-11-years-151124006761
Gen AI Data Scientist - Pan India,Genpact,6-11 Yrs,Not disclosed,"Hyderabad, Gurugram, Bengaluru",https://www.naukri.com/job-listings-gen-ai-data-scientist-pan-india-genpact-hyderabad-gurugram-bengaluru-6-to-11-years-180924008461
Data Scientist - BLR/ HYD/ GGN,Genpact,6-11 Yrs,Not disclosed,"Hybrid - Hyderabad, Gurugram, Bengaluru",https://www.naukri.com/job-listings-data-scientist-blr-hyd-ggn-genpact-hyderabad-gurugram-bengaluru-6-to-11-years-130824010767
Data Scientist,IBM,7-12 Yrs,Not disclosed,Bengaluru,https://www.naukri.com/job-listings-data-scientist-ibm-india-pvt-limited-bengaluru-7-to-12-years-111124917137
Data Scientist,SAP,5-9 Yrs,Not disclosed,Bengaluru,https://www.naukri.com/job-listings-data-scientist-sap-india-pvt-ltd-bengaluru-5-to-9-years-111124500361
Data Scientist,SAP,3-7 Yrs,Not disclosed,Bengaluru,https://www.naukri.com/job-listings-data-scientist-sap-india-pvt-ltd-bengaluru-3-to-7-years-111124500272
"Data Scientist - Python, AWS, Gen AI",Winning Edge,8-11 Yrs,Not disclosed,Bengaluru,https://www.naukri.com/job-listings-data-scientist-python-aws-gen-ai-edge-bengaluru-8-to-11-years-151124910698
Data Scientist,Lendingkart,3-8 Yrs,20-30 Lacs PA,"Ahmedabad, Bengaluru",https://www.naukri.com/job-listings-data-scientist-lendingkart-ahmedabad-bengaluru-3-to-8-years-141124020786
Data Scientist,Gallagher Service Center (GSC),1-6 Yrs,5-10 Lacs PA,"Hybrid - Mumbai, Pune, Bengaluru",https://www.naukri.com/job-listings-data-scientist-gallagher-service-center-gsc-mumbai-pune-bengaluru-1-to-6-years-141124015211
Data Scientist,TheGlove,6-11 Yrs,Not disclosed,"Gurugram, Bengaluru",https://www.naukri.com/job-listings-data-scientist-the-glove-gurugram-bengaluru-6-to-11-years-141124004276
